{"cameraMode":{"drawMode":0,"name":"Shaded","section":"Shading Mode"},"sceneLighting":true,"audioPlay":false,"sceneViewState":{"showFog":true,"showMaterialUpdate":false,"showSkybox":true,"showFlares":true,"showImageEffects":true,"showParticleSystems":true},"in2DMode":false,"pivot":{"x":0.5832231640815735,"y":2.2748053073883058,"z":-2.0789244174957277},"rotation":{"x":0.29807132482528689,"y":0.084335096180439,"z":-0.026447825133800508,"w":0.9504443407058716},"size":16.095243453979493,"orthographic":true}